Nom,Prix,Type,Marque
Pantalon droit à taille élastiquée,40.0,Pantalon,Booho
Polo ample à carreaux - Official,32.0,Polo,Booho
Surchemise ample brodée,40.0,Surchemise,Booho
Veste universitaire oversize patchwork,90.0,Veste,Booho
Pull sans manches fendu,28.0,Pull,Booho
Jogging fendu à coutures contrastantes,32.0,Jogging,Booho
Pull oversize color block,40.0,Pull,Booho
Débardeur oversize en maille torsadée,28.0,Débardeur,Booho
Jogging droit fendu,32.0,Jogging,Booho
Bob à slogan Sport Club,24.0,Bob,Booho
T-shirt oversize à imprimé ourson,24.0,T-shirt,Booho
Bomber ample universitaire en similicuir,98.0,Bomber,Booho
Sweat à capuche oversize imprimé,42.0,Sweat,Booho
Jogging droit fendu,32.0,Jogging,Booho
Polo en maille à carreaux,32.0,Polo,Booho
Veste oversize en similicuir,98.0,Veste,Booho
Jogging flare,36.0,Jogging,Booho
Tall - Sweat universitaire color block à col V,32.0,Survêtement,Booho
Sweat oversize basique,25.0,Sweat,Booho
Sweat à capuche oversize à imprimé Les Supers Nanas,45.0,Sweat,Booho
T-shirt oversize à imprimé Donjons et Dragons,24.0,T-shirt,Booho
Jean charpentier ample,40.0,Jean,Booho
Survêtement sweat à capuche et jogging à graffiti - Limited Edition,45.0,Survêtement,Booho
Bomber oversize à empiècements moto,65.0,Bomber,Booho
Sweat à capuche oversize à écusson,42.0,Sweat,Booho
Sweat à capuche oversize basique,28.0,Sweat,Booho
Bomber oversize à empiècements moto,65.0,Bomber,Booho
T-shirt en mesh à imprimé moto,28.0,T-shirt,Booho
Pantalon parachute cargo,50.0,Pantalon,Booho
Chemise ample imprimé en coton,36.0,Chemise,Booho
Sweat à capuche basique à logo - MAN,25.0,Sweat,Booho
Jean baggy à cordon de serrage,36.0,Jean,Booho
Sweat oversize basique,24.0,Sweat,Booho
Doudoune oversize matelassée à capuche - MAN,78.0,Doudoune,Booho
T-shirt de moto oversize satiné,24.0,T-shirt,Booho
Sweat à capuche zippé oversize basique,32.0,Sweat,Booho
Jogging cargo à imprimé bandana,36.0,Jogging,Booho
T-shirt oversize délavé à col montant - MAN,15.0,T-shirt,Booho
Doudoune oversize matelassée à capuche,78.0,Doudoune,Booho
Pantalon cargo droit à poches,60.0,Pantalon,Booho
Tall - Sweat à capuche surteint à imprimé en relief,45.0,Survêtement,Booho
T-shirt oversize surteint,24.0,T-shirt,Booho
Sweat à capuche oversize - Ofcl,32.0,Sweat,Booho
Surchemise matelassée en twill à imprimé cachemire,45.0,Surchemise,Booho
Pantalon flare ample déchiré,42.0,Pantalon,Booho
Sweat oversize universitaire à col V,32.0,Sweat,Booho
Sweat à capuche imprimé - Official,15.0,Sweat,Booho
T-shirt en mesh à imprimé moto,28.0,T-shirt,Booho
Tall - Sweat à capuche zippé à coutures contrastantes,45.0,Survêtement,Booho
Jogging cargo ample à coutures contrastantes,40.0,Jogging,Booho
T-shirt oversize surteint imprimé,18.0,T-shirt,Booho
Sweat universitaire oversize à col V,32.0,Sweat,Booho
Survêtement en velours zippé - MAN,72.0,Survêtement,Booho
Survêtement oversize à imprimé dragon,32.0,Survêtement,Booho
Jean baggy délavé,40.0,Jean,Booho
T-shirt oversize épais à manches 3/4,18.0,T-shirt,Booho
Chemise bicolore satinée imprimée,32.0,Chemise,Booho
Survêtement oversize imprimé - Official,60.0,Survêtement,Booho
T-shirt oversize surteint imprimé,20.0,T-shirt,Booho
Pull oversize déchiré,40.0,Pull,Booho
Coupe-vent en nylon,40.0,Coupe-vent,Booho
Sweat oversize - Limited Edition,24.0,Sweat,Booho
T-shirt oversize à slogan New York,18.0,T-shirt,Booho
Sweat à capuche oversize à écusson,42.0,Sweat,Booho
Sweat à capuche oversize imprimé,42.0,Sweat,Booho
Sweat à capuche oversize à slogan,36.0,Sweat,Booho
T-shirt oversize,12.0,T-shirt,Booho
Survêtement oversize léger,32.0,Survêtement,Booho
Sweat à capuche à logo doré - MAN,32.0,Sweat,Booho
T-shirt oversize à col montant,12.0,T-shirt,Booho
T-shirt cintré à imprimé squelette strassé,24.0,T-shirt,Booho
Grande taille - T-shirt à imprimé Dragon Ball Z,24.0,Grande,Booho
Pull oversize côtelé color block à col V,40.0,Pull,Booho
Pantalon cargo de sport technique - MAN Active,42.0,Pantalon,Booho
Sweat à capuche zippé - MAN,28.0,Sweat,Booho
Sweat à capuche oversize imprimé,32.0,Sweat,Booho
Jean fuselé à coutures contrastantes,40.0,Jean,Booho
Veste de sport matelassée en polaire sans manches - MAN Active,36.0,Veste,Booho
Bomber ample universitaire en similicuir,98.0,Bomber,Booho
Jogging oversize droit à imprimé moto,40.0,Jogging,Booho
Tall - Sweat à capuche surteint à imprimé en relief,45.0,Survêtement,Booho
T-shirt oversize surteint,24.0,T-shirt,Booho
Sweat à capuche oversize - Ofcl,32.0,Sweat,Booho
Surchemise matelassée en twill à imprimé cachemire,45.0,Surchemise,Booho
Pantalon flare ample déchiré,42.0,Pantalon,Booho
Sweat oversize universitaire à col V,32.0,Sweat,Booho
Sweat à capuche imprimé - Official,15.0,Sweat,Booho
T-shirt en mesh à imprimé moto,28.0,T-shirt,Booho
Tall - Sweat à capuche zippé à coutures contrastantes,45.0,Survêtement,Booho
Jogging cargo ample à coutures contrastantes,40.0,Jogging,Booho
T-shirt oversize surteint imprimé,18.0,T-shirt,Booho
Sweat universitaire oversize à col V,32.0,Sweat,Booho
Survêtement en velours zippé - MAN,72.0,Survêtement,Booho
Survêtement oversize à imprimé dragon,32.0,Survêtement,Booho
Jean baggy délavé,40.0,Jean,Booho
T-shirt oversize épais à manches 3/4,18.0,T-shirt,Booho
Chemise bicolore satinée imprimée,32.0,Chemise,Booho
Survêtement oversize imprimé - Official,60.0,Survêtement,Booho
T-shirt oversize surteint imprimé,20.0,T-shirt,Booho
Pull oversize déchiré,40.0,Pull,Booho
Coupe-vent en nylon,40.0,Coupe-vent,Booho
Sweat oversize - Limited Edition,24.0,Sweat,Booho
T-shirt oversize à slogan New York,18.0,T-shirt,Booho
Sweat à capuche oversize à écusson,42.0,Sweat,Booho
Sweat à capuche oversize imprimé,42.0,Sweat,Booho
Sweat à capuche oversize à slogan,36.0,Sweat,Booho
T-shirt oversize,12.0,T-shirt,Booho
Survêtement oversize léger,32.0,Survêtement,Booho
Sweat à capuche à logo doré - MAN,32.0,Sweat,Booho
T-shirt oversize à col montant,12.0,T-shirt,Booho
T-shirt cintré à imprimé squelette strassé,24.0,T-shirt,Booho
Grande taille - T-shirt à imprimé Dragon Ball Z,24.0,Grande,Booho
Pull oversize côtelé color block à col V,40.0,Pull,Booho
Pantalon cargo de sport technique - MAN Active,42.0,Pantalon,Booho
Sweat à capuche zippé - MAN,28.0,Sweat,Booho
Sweat à capuche oversize imprimé,32.0,Sweat,Booho
Jean fuselé à coutures contrastantes,40.0,Jean,Booho
Veste de sport matelassée en polaire sans manches - MAN Active,36.0,Veste,Booho
Bomber ample universitaire en similicuir,98.0,Bomber,Booho
Jogging oversize droit à imprimé moto,40.0,Jogging,Booho
Chemise ample à coutures contrastantes,40.0,Chemise,Booho
Chemise droite à carreaux,15.0,Chemise,Booho
Lot de 2 paires de chaussettes à rayures - MAN,8.0,Lot,Booho
Jean ample délavé,36.0,Jean,Booho
Chevalière 1996,6.0,Chevalière,Booho
Chaussettes à imprimé roses,5.0,Chaussettes,Booho
Tall - Short de sport performance - MAN Active,25.0,Survêtement,Booho
Sweat à capuche oversize épais,36.0,Sweat,Booho
Sandales en tissu éponge,28.0,Sandales,Booho
Tall - Chemise droite à carreaux,25.0,Survêtement,Booho
Bague à slogan love,8.0,Bague,Booho
Pantalon ample à taille élastiquée,45.0,Pantalon,Booho
T-shirt cintré pailleté,24.0,T-shirt,Booho
T-shirt oversize surteint à imprimé crâne,20.0,T-shirt,Booho
Jogging droit épais,32.0,Jogging,Booho
Jean skinny stretch,36.0,Jean,Booho
MAN Active x Andrei - Sweat à capuche oversize,40.0,MAN,Booho
Jean ample surteint,40.0,Jean,Booho
Tall - Sweat à capuche oversize universitaire,45.0,Survêtement,Booho
Ceinture de costume,12.0,Ceinture,Booho
Surchemise épaisse à carreaux,45.0,Surchemise,Booho
Jogging à empiècement contrastant,32.0,Jogging,Booho
Grande taille - Sweat à capuche oversize à imprimé serpent,32.0,Grande,Booho
T-shirt ras-du-cou basique,12.0,T-shirt,Booho
Tall - Survêtement basique à capuche,45.0,Survêtement,Booho
Jogging cargo ample à taille élastiquée,45.0,Jogging,Booho
T-shirt oversize fleuri,18.0,T-shirt,Booho
Sweat à capuche oversize de sport - MAN Active,28.0,Sweat,Booho
Grande taille - Sweat à capuche oversize universitaire,45.0,Grande,Booho
MAN Active x Andrei - Short de sport stretch,24.0,MAN,Booho
Survêtement zippé - MAN,32.0,Survêtement,Booho
Jogging MAN,28.0,Jogging,Booho
Survêtement oversize léger - MAN,32.0,Survêtement,Booho
Sweat à capuche oversize imprimé,36.0,Sweat,Booho
Grande taille - T-shirt ample long à col rond,10.0,Grande,Booho
Tall - Chemise oversize à carreaux et manches longues,15.0,Survêtement,Booho
Surchemise épaisse brossée à imprimé aztèque,42.0,Surchemise,Booho
T-shirt oversize à imprimé Budweiser,24.0,T-shirt,Booho
Jean ample fuselé,36.0,Jean,Booho
Sweat léger à col montant et empiècement contrastant,15.0,Sweat,Booho
Tall - Chemise en viscose à imprimé palmier,40.0,Survêtement,Booho
Grande taille - Jean droit à imprimé moto,15.0,Grande,Booho
MAN Active X Andrei Deiu - Survêtement de sport,8.0,MAN,Booho
Tall - Sweat à capuche et imprimé dragon,36.0,Survêtement,Booho
T-shirt oversize épais imprimé,6.0,T-shirt,Booho
T-shirt oversize à imprimé Beavis & Butthead,5.0,T-shirt,Booho
Jogging cargo ample,25.0,Jogging,Booho
Surchemise en polaire à carreaux,36.0,Surchemise,Booho
Tall - Jean cargo baggy à coutures contrastantes,28.0,Survêtement,Booho
T-shirt oversize à imprimé Mickey et Minnie,25.0,T-shirt,Booho
Sweat à capuche oversize à imprimé graffiti,8.0,Sweat,Booho
Tall - Sweat à capuche zippé à imprimé colombe,45.0,Survêtement,Booho
T-shirt ras-du-cou basique,24.0,T-shirt,Booho
Sweat à capuche de sport ample - MAN Active,20.0,Sweat,Booho
Doudoune en velours à carreaux et col montant,32.0,Doudoune,Booho
MAN Active X Andrei - Débardeur de sport,36.0,MAN,Booho
T-shirt oversize,40.0,T-shirt,Booho
Jean skinny déchiré,40.0,Jean,Booho
Grande taille - T-shirt oversize délavé - MAN,45.0,Grande,Booho
Surchemise à carreaux,12.0,Surchemise,Booho
Short de confort satiné,45.0,Short,Booho
T-shirt oversize imprimé,32.0,T-shirt,Booho
Sweat à capuche oversize zippé à imprimé moto,32.0,Sweat,Booho
Grande taille - Jean cargo droit,12.0,Grande,Booho
Sweat à capuche oversize surteint à imprimé Nirvana,45.0,Sweat,Booho
Sweat à capuche basique à enfiler,45.0,Sweat,Booho
Tall - Jogging universitaire,18.0,Survêtement,Booho
Jean skinny stretch,28.0,Jean,Booho
Tall - Jogging flare à empiècement contrastant,45.0,Survêtement,Booho
Pull en maille torsadée,24.0,Pull,Booho
T-shirt oversize épais délavé imprimé,32.0,T-shirt,Booho
T-shirt basique à col ras-du-cou - MAN,28.0,T-shirt,Booho
Lot de 2 boxers à empiècement contrastant - MAN Active,32.0,Lot,Booho
Casquette à imprimé barbelé,36.0,Casquette,Booho
Chaussettes à motif bisous,10.0,Chaussettes,Booho
Grande taille - T-shirt oversize délavé imprimé,15.0,Grande,Booho
T-shirt oversize à imprimé ourson,42.0,T-shirt,Booho
Grande taille - Jogging à imprimé rose et crâne,24.0,Grande,Booho
Sweat à capuche de sport ample - MAN Active,36.0,Sweat,Booho
Jogging de sport fuselé - MAN Active,15.0,Jogging,Booho
Tall - Chemise en viscose à imprimé palmier,15.0,Survêtement,Booho
Grande taille - Jean droit à imprimé moto,32.0,Grande,Booho
MAN Active X Andrei Deiu - Survêtement de sport,50.0,MAN,Booho
Tall - Sweat à capuche et imprimé dragon,60.0,Survêtement,Booho
T-shirt oversize épais imprimé,40.0,T-shirt,Booho
T-shirt oversize à imprimé Beavis & Butthead,24.0,T-shirt,Booho
Jogging cargo ample,24.0,Jogging,Booho
Surchemise en polaire à carreaux,40.0,Surchemise,Booho
Tall - Jean cargo baggy à coutures contrastantes,45.0,Survêtement,Booho
T-shirt oversize à imprimé Mickey et Minnie,45.0,T-shirt,Booho
Sweat à capuche oversize à imprimé graffiti,24.0,Sweat,Booho
Tall - Sweat à capuche zippé à imprimé colombe,42.0,Survêtement,Booho
T-shirt ras-du-cou basique,45.0,T-shirt,Booho
Sweat à capuche de sport ample - MAN Active,10.0,Sweat,Booho
Doudoune en velours à carreaux et col montant,36.0,Doudoune,Booho
MAN Active X Andrei - Débardeur de sport,90.0,MAN,Booho
T-shirt oversize,15.0,T-shirt,Booho
Jean skinny déchiré,12.0,Jean,Booho
Grande taille - T-shirt oversize délavé - MAN,36.0,Grande,Booho
Surchemise à carreaux,40.0,Surchemise,Booho
Short de confort satiné,40.0,Short,Booho
T-shirt oversize imprimé,18.0,T-shirt,Booho
Sweat à capuche oversize zippé à imprimé moto,18.0,Sweat,Booho
Grande taille - Jean cargo droit,45.0,Grande,Booho
Sweat à capuche oversize surteint à imprimé Nirvana,45.0,Sweat,Booho
Sweat à capuche basique à enfiler,45.0,Sweat,Booho
Tall - Jogging universitaire,25.0,Survêtement,Booho
Jean skinny stretch,32.0,Jean,Booho
Tall - Jogging flare à empiècement contrastant,36.0,Survêtement,Booho
Pull en maille torsadée,36.0,Pull,Booho
T-shirt oversize épais délavé imprimé,36.0,T-shirt,Booho
T-shirt basique à col ras-du-cou - MAN,25.0,T-shirt,Booho
Lot de 2 boxers à empiècement contrastant - MAN Active,12.0,Lot,Booho
Casquette à imprimé barbelé,15.0,Casquette,Booho
Chaussettes à motif bisous,24.0,Chaussettes,Booho
Grande taille - T-shirt oversize délavé imprimé,5.0,Grande,Booho
T-shirt oversize à imprimé ourson,24.0,T-shirt,Booho
Grande taille - Jogging à imprimé rose et crâne,18.0,Grande,Booho
Sweat à capuche de sport ample - MAN Active,20.0,Sweat,Booho
Jogging de sport fuselé - MAN Active,36.0,Jogging,Booho
Jogging de sport fuselé - MAN Active,25.0,Jogging,Booho
T-shirt ras-du-cou basique,15.0,T-shirt,Booho
Sweat à capuche oversize à imprimé bandana,32.0,Sweat,Booho
Débardeur moulant côtelé,50.0,Débardeur,Booho
Jean ample flare,60.0,Jean,Booho
T-shirt oversize à slogan,40.0,T-shirt,Booho
Veste universitaire oversize en jersey,24.0,Veste,Booho
Sweat à capuche oversize imprimé,24.0,Sweat,Booho
T-shirt oversize imprimé,40.0,T-shirt,Booho
Pantalon cargo ample color block ,45.0,Pantalon,Booho
Grande taille - T-shirt brodé,45.0,Grande,Booho
T-shirt oversize à slogan Barcelona,24.0,T-shirt,Booho
T-shirt oversize à imprimé ourson,42.0,T-shirt,Booho
Grande taille - Jean stretch skinny,45.0,Grande,Booho
Chemise oversize bicolore en similicuir à manches courtes,10.0,Chemise,Booho
Saint-Valentin - Grande taille - T-shirt à imprimé Mickey et Minnie,36.0,Saint-Valentin,Booho
Sweat à capuche oversize color block,90.0,Sweat,Booho
Grande taille - T-shirt oversize délavé imprimé,15.0,Grande,Booho
T-shirt oversize à imprimé Burna Boy,12.0,T-shirt,Booho
Tall - Pull en maille à col ras-du-cou,36.0,Survêtement,Booho
T-shirt oversize imprimé,40.0,T-shirt,Booho
T-shirt de sport ample à slogan - MAN Active,40.0,T-shirt,Booho
Coffret cadeau - Collier à pendentif As de cœur,18.0,Coffret,Booho
Grande taille - Jean stretch skinny,18.0,Grande,Booho
Lot de 2 boxers à empiècement contrastant - MAN Active,45.0,Lot,Booho
Chemise satinée à imprimé photo,45.0,Chemise,Booho
Sweat à capuche oversize imprimé - Official,45.0,Sweat,Booho
Sweat à capuche ample épais,25.0,Sweat,Booho
Grande taille - Chemise longue à carreaux,32.0,Grande,Booho
Sweat à capuche à coutures contrastantes,36.0,Sweat,Booho
Jogging universitaire imprimé,36.0,Jogging,Booho
Collier superposé à pendentif rose,36.0,Collier,Booho
Collier en chaîne épaisse,25.0,Collier,Booho
Short oversize en nylon,12.0,Short,Booho
T-shirt oversize imprimé statue,15.0,T-shirt,Booho
Sweat sans manches brodé,24.0,Sweat,Booho
Sweat à capuche oversize universitaire,5.0,Sweat,Booho
Sweat à capuche oversize basique,24.0,Sweat,Booho
Claquettes MAN,18.0,Claquettes,Booho
T-shirt oversize imprimé,20.0,T-shirt,Booho
T-shirt oversize imprimé,36.0,T-shirt,Booho
Sweat à imprimé montagne,25.0,Sweat,Booho
T-shirt oversize,25.0,T-shirt,Booho
Sweat oversize à imprimé dragon,12.0,Sweat,Booho
Chaussettes à rayures et logo - MAN,32.0,Chaussettes,Booho
Lunettes de soleil basiques épaisses,15.0,Lunettes,Booho
Surchemise oversize à carreaux,40.0,Surchemise,Booho
Bague croix,24.0,Bague,Booho
Ensemble de survêtement oversize léger avec sweat - Ofcl,60.0,Ensemble,Booho
Grande taille - Chemise longue à carreaux,32.0,Grande,Booho
T-shirt oversize épais,18.0,T-shirt,Booho
Tall - T-shirt délavé à manches longues et imprimé squelette,45.0,Survêtement,Booho
Bracelet en chaîne épaisse,15.0,Bracelet,Booho
Grande taille - Pull à col montant zippé,15.0,Grande,Booho
Pantalon ample en velours,18.0,Pantalon,Booho
MAN Active X Andrei - Débardeur de sport,20.0,MAN,Booho
Sweat à capuche à logo doré - MAN,40.0,Sweat,Booho
Tall - T-shirt de sport oversize en mesh - MAN Active,24.0,Survêtement,Booho
Collier en chaîne épaisse,36.0,Collier,Booho
Jogging slim à surpiqûres,24.0,Jogging,Booho
T-shirt oversize imprimé,24.0,T-shirt,Booho
Débardeur cintré côtelé,25.0,Débardeur,Booho
Lunettes de soleil rectangulaires,18.0,Lunettes,Booho
Grande taille - Polo color block zippé,20.0,Grande,Booho
Jogging oversize basique,15.0,Jogging,Booho
T-shirt oversize épais imprimé,20.0,T-shirt,Booho
Sweat à capuche oversize à imprimé léopard,15.0,Sweat,Booho
Lunettes de soleil carrées,32.0,Lunettes,Booho
MAN Active X Andrei - Débardeur de sport,32.0,MAN,Booho
Sweat à capuche oversize à imprimé graffiti - Official,28.0,Sweat,Booho
Sweat à capuche oversize à imprimé Make It Happen,28.0,Sweat,Booho
T-shirt oversize à imprimé Ed Edd & Eddy,36.0,T-shirt,Booho
Jogging basique droit,28.0,Jogging,Booho
Tall - Jogging cargo - Man Active,15.0,Survêtement,Booho
T-shirt oversize imprimé,12.0,T-shirt,Booho
Chemise moulante en jean à manches courtes,32.0,Chemise,Booho
Surchemise zippée à carreaux,18.0,Surchemise,Booho
Short de confort satiné,24.0,Short,Booho
Jogging slim fuselé,42.0,Jogging,Booho
Lunettes de soleil rectangulaires,28.0,Lunettes,Booho
Sweat à imprimé montagne,24.0,Sweat,Booho
T-shirt oversize,18.0,T-shirt,Booho
Sweat oversize à imprimé dragon,36.0,Sweat,Booho
Chaussettes à rayures et logo - MAN,12.0,Chaussettes,Booho
Lunettes de soleil basiques épaisses,32.0,Lunettes,Booho
Surchemise oversize à carreaux,15.0,Surchemise,Booho
Bague croix,40.0,Bague,Booho
Ensemble de survêtement oversize léger avec sweat - Ofcl,24.0,Ensemble,Booho
Grande taille - Chemise longue à carreaux,60.0,Grande,Booho
T-shirt oversize épais,32.0,T-shirt,Booho
Tall - T-shirt délavé à manches longues et imprimé squelette,18.0,Survêtement,Booho
Bracelet en chaîne épaisse,45.0,Bracelet,Booho
Grande taille - Pull à col montant zippé,15.0,Grande,Booho
Pantalon ample en velours,15.0,Pantalon,Booho
MAN Active X Andrei - Débardeur de sport,18.0,MAN,Booho
Sweat à capuche à logo doré - MAN,20.0,Sweat,Booho
Tall - T-shirt de sport oversize en mesh - MAN Active,40.0,Survêtement,Booho
Collier en chaîne épaisse,24.0,Collier,Booho
Jogging slim à surpiqûres,36.0,Jogging,Booho
T-shirt oversize imprimé,24.0,T-shirt,Booho
Débardeur cintré côtelé,24.0,Débardeur,Booho
Lunettes de soleil rectangulaires,25.0,Lunettes,Booho
Grande taille - Polo color block zippé,18.0,Grande,Booho
Jogging oversize basique,20.0,Jogging,Booho
T-shirt oversize épais imprimé,15.0,T-shirt,Booho
Sweat à capuche oversize à imprimé léopard,20.0,Sweat,Booho
Lunettes de soleil carrées,15.0,Lunettes,Booho
MAN Active X Andrei - Débardeur de sport,32.0,MAN,Booho
Sweat à capuche oversize à imprimé graffiti - Official,32.0,Sweat,Booho
Sweat à capuche oversize à imprimé Make It Happen,28.0,Sweat,Booho
T-shirt oversize à imprimé Ed Edd & Eddy,28.0,T-shirt,Booho
Sweat oversize basique à col montant,36.0,Sweat,Booho
Jogging basique droit,28.0,Jogging,Booho
Tall - Jogging cargo - Man Active,15.0,Survêtement,Booho
T-shirt oversize imprimé,12.0,T-shirt,Booho
Chemise moulante en jean à manches courtes,32.0,Chemise,Booho
Surchemise zippée à carreaux,18.0,Surchemise,Booho
Short de confort satiné,24.0,Short,Booho
Jogging slim fuselé,42.0,Jogging,Booho
Lunettes de soleil rectangulaires,28.0,Lunettes,Booho
Short de bain court - MAN,24.0,Short,Booho
T-shirt oversize à imprimé Hot Wheels,18.0,T-shirt,Booho
Cardigan ample universitaire - Official,18.0,Cardigan,Booho
Survêtement basique zippé avec short,15.0,Survêtement,Booho
Grande taille - T-shirt universitaire à col V,12.0,Grande,Booho
Grande taille - Jogging ample imprimé,15.0,Grande,Booho
T-shirt de sport oversize à rayures - MAN Active,5.0,T-shirt,Booho
Jogging oversize imprimé,15.0,Jogging,Booho
Grande taille - Sweat à capuche à imprimé Rick et Morty,40.0,Grande,Booho
Lot de 3 paires de chaussettes à logo - MAN,6.0,Lot,Booho
Short de bain court - MAN,40.0,Short,Booho
Bomber en jersey à imprimé moto,28.0,Bomber,Booho
Collier perlé à chaîne épaisse,24.0,Collier,Booho
Pantalon cargo de sport - MAN Active,25.0,Pantalon,Booho
Sweat oversize à col montant,10.0,Sweat,Booho
Blazer cintré fleuri en velours,25.0,Blazer,Booho
Ensemble de survêtement oversize léger avec sweat - Ofcl,45.0,Ensemble,Booho
T-shirt oversize épais,15.0,T-shirt,Booho
Claquettes - MAN,32.0,Claquettes,Booho
T-shirt oversize épais imprimé,20.0,T-shirt,Booho
Grande taille - Sweat à capuche zippé à coutures contrastantes,12.0,Grande,Booho
Jogging à logo doré - MAN,25.0,Jogging,Booho
Tall - Pantalon cargo à poches multiples,18.0,Survêtement,Booho
Collier à pendentif œil ,15.0,Collier,Booho
Bomber en jersey à imprimé moto,15.0,Bomber,Booho
Jogging oversize basique,28.0,Jogging,Booho
T-shirt oversize épais imprimé,32.0,T-shirt,Booho
Grande taille - Sweat à capuche oversize universitaire,28.0,Grande,Booho
Tall - Pantalon droit plissé en similicuir,32.0,Survêtement,Booho
Tall - Pantalon de costume slim à rayures,15.0,Survêtement,Booho
Pantalon droit froncé à imprimé camouflage,15.0,Pantalon,Booho
Jogging droit épais,32.0,Jogging,Booho
T-shirt col V imprimé,40.0,T-shirt,Booho
Sweat à capuche oversize zippé imprimé,24.0,Sweat,Booho
Jean rigide ample à chaîne,25.0,Jean,Booho
Chemise ample à manches courtes,42.0,Chemise,Booho
Tall - T-shirt oversize matelassé à col montant,18.0,Survêtement,Booho
T-shirt moulant à manches longues,25.0,T-shirt,Booho
Tall - Sweat à imprimé statue,40.0,Survêtement,Booho
Jogging droit épais,15.0,Jogging,Booho
Grande taille - Jogging à boutons pression,36.0,Grande,Booho
Veste cargo sans manches en similicuir,18.0,Veste,Booho
Jogging contrastant - MAN,15.0,Jogging,Booho
Grande taille - Jean stretch skinny,12.0,Grande,Booho
T-shirt de sport oversize - MAN Active,15.0,T-shirt,Booho
Cardigan ample universitaire - Official,5.0,Cardigan,Booho
Grande taille - Pantalon slim imprimé à taille élastiquée,15.0,Grande,Booho
Man Active x Andrei - Sweat à capuche oversize,40.0,Man,Booho
T-shirt oversize imprimé,6.0,T-shirt,Booho
Jogging droit fendu à imprimé graffiti,40.0,Jogging,Booho
Sweat oversize basique,28.0,Sweat,Booho
Sweat oversize universitaire imprimé,24.0,Sweat,Booho
Sweat oversize basique à col montant,25.0,Sweat,Booho
Jogging cargo ample à taille élastiquée,10.0,Jogging,Booho
Grande taille - Sweat à capuche oversize universitaire,25.0,Grande,Booho
Pull oversize en maille torsadée,45.0,Pull,Booho
Veste universitaire oversize en jersey,15.0,Veste,Booho
Survêtement léger à capuche - MAN,32.0,Survêtement,Booho
Tall - Jean motard droit,20.0,Survêtement,Booho
Grande taille - T-shirt à écusson Portland,12.0,Grande,Booho
Sweat à capuche oversize basique,25.0,Sweat,Booho
Sweat à capuche oversize imprimé,18.0,Sweat,Booho
T-shirt oversize côtelé à imprimé gothique - MAN,15.0,T-shirt,Booho
Jogging droit à boutons pression,15.0,Jogging,Booho
T-shirt oversize à imprimé Tokyo,28.0,T-shirt,Booho
T-shirt oversize imprimé à manches longues,32.0,T-shirt,Booho
Veste motarde à col contrastant,28.0,Veste,Booho
Tall - Survêtement en velours à col zippé,32.0,Survêtement,Booho
Tall - Short à imprimé cœur,15.0,Survêtement,Booho
Survêtement oversize à bandes contrastantes,15.0,Survêtement,Booho
Tall - Survêtement basique à capuche,32.0,Survêtement,Booho
Tall - Jean skinny déchiré,40.0,Survêtement,Booho
Grande taille - Jean skinny déchiré zippé,24.0,Grande,Booho
Sweat à col montant et surpiqûres,25.0,Sweat,Booho
Ensemble de survêtement oversize à imprimé cœur,25.0,Ensemble,Booho
Survêtement oversize à imprimé moto,42.0,Survêtement,Booho
Chemise droite à carreaux,18.0,Chemise,Booho
Veste oversize surteinte en jean,25.0,Veste,Booho
Jean ample surteint,40.0,Jean,Booho
Pull oversize en maille chenille,15.0,Pull,Booho
Sweat oversize à col montant,36.0,Sweat,Booho
Tall - Jean skinny à coutures contrastantes,18.0,Survêtement,Booho
Sweat à capuche oversize à imprimé Chicago,18.0,Sweat,Booho
Jean slim à imprimé crâne,24.0,Jean,Booho
T-shirt oversize à imprimé B,45.0,T-shirt,Booho
Jean charpentier ample,50.0,Jean,Booho
Tall - Jean skinny à coutures contrastantes,24.0,Survêtement,Booho
Chemise oversize plissée,28.0,Chemise,Booho
Visière ,20.0,Visière,Booho
Jean ample rigide,32.0,Jean,Booho
Jean baggy rigide délavé,45.0,Jean,Booho
Tall - Jogging universitaire fendu,10.0,Survêtement,Booho
Surchemise épaisse brossée à imprimé aztèque,18.0,Surchemise,Booho
Grande taille - Pantalon cargo slim zippé,65.0,Grande,Booho
Sweat à capuche oversize à écusson,15.0,Sweat,Booho
Survêtement oversize avec sweat à capuche,40.0,Survêtement,Booho
Survêtement oversize à bandes contrastantes,28.0,Survêtement,Booho
Survêtement oversize à imprimé dragon,50.0,Survêtement,Booho
Jogging basique droit,105.0,Jogging,Booho
Chemise habillée en nylon,40.0,Chemise,Booho
Doudoune ample sans manches,18.0,Doudoune,Booho
Jogging droit à boutons pression,24.0,Jogging,Booho
Grande taille - T-shirt oversize délavé - MAN,24.0,Grande,Booho
Survêtement oversize à imprimé dragon,45.0,Survêtement,Booho
Grande taille - Sweat à capuche zippé à imprimé dragon,28.0,Grande,Booho
T-shirt oversize surteint imprimé,45.0,T-shirt,Booho
Grande taille - Sweat à capuche oversize universitaire,12.0,Grande,Booho
Grande taille - Top oversize universitaire à slogan U.S.A.,60.0,Grande,Booho
Survêtement cargo léger ,28.0,Survêtement,Booho
Survêtement léger à col zippé - MAN,28.0,Survêtement,Booho
Tall - Jogging cargo à poches,45.0,Survêtement,Booho
Tall - Jean droit à boutons pression,20.0,Survêtement,Booho
Jogging cargo ample zippé,42.0,Jogging,Booho
MAN Active x Andrei - T-shirt oversize,15.0,MAN,Booho
Pull oversize en maille chenille,42.0,Pull,Booho
T-shirt oversize à inscription - Ofcl,42.0,T-shirt,Booho
Veste cargo sans manches en similicuir,28.0,Veste,Booho
Jean cargo slim ,32.0,Jean,Booho
Veste épaisse zippée en polaire ,45.0,Veste,Booho
Survêtement oversize léger - MAN,40.0,Survêtement,Booho
T-shirt moulant à manches longues,32.0,T-shirt,Booho
Veste oversize en similicuir,10.0,Veste,Booho
T-shirt oversize imprimé,25.0,T-shirt,Booho
Tall - Chemise texturée à manches courtes,15.0,Survêtement,Booho
Sweat oversize à slogan Colorado,28.0,Sweat,Booho
Tall - Bomber ample matelassé en similicuir,32.0,Survêtement,Booho
Jogging fendu à coutures contrastantes,18.0,Jogging,Booho
Tall - Sweat à capuche oversize zippé à coutures contrastantes,24.0,Survêtement,Booho
Jogging cargo droit fendu,45.0,Jogging,Booho
Chemise à imprimé crâne,50.0,Chemise,Booho
Pantalon cargo zippé à poches multiples,24.0,Pantalon,Booho
Grande taille - T-shirt à imprimé Jujutsu Kaisen,28.0,Grande,Booho
Pantalon cargo droit en similicuir,20.0,Pantalon,Booho
Sweat à capuche de sport ample - MAN Active,32.0,Sweat,Booho
T-shirt oversize,45.0,T-shirt,Booho
Tall - Jean droit à boutons pression,10.0,Survêtement,Booho
T-shirt oversize à imprimé Les Razmoket,18.0,T-shirt,Booho
Jean droit patchwork,65.0,Jean,Booho
Tall - Pantalon cargo en nylon,15.0,Survêtement,Booho
Sweat à capuche oversize à slogan - Official,40.0,Sweat,Booho
Pull ample à imprimé Worldwide,28.0,Pull,Booho
Tall - Veste ample à imprimé moto,50.0,Survêtement,Booho
Sweat à capuche oversize à imprimé moto,105.0,Sweat,Booho
Jogging cargo ample à taille élastiquée,40.0,Jogging,Booho
Grande taille - Jean skinny déchiré zippé,18.0,Grande,Booho
Pull oversize à manches contrastantes,24.0,Pull,Booho
T-shirt oversize épais imprimé,24.0,T-shirt,Booho
Jean slim rigide,45.0,Jean,Booho
Pantalon cargo à imprimé taches,28.0,Pantalon,Booho
Jogging à slogan Brooklyn,45.0,Jogging,Booho
Pantalon cargo chino ample,12.0,Pantalon,Booho
Pantalon texturé à taille élastique,60.0,Pantalon,Booho
Survêtement oversize imprimé,28.0,Survêtement,Booho
Débardeur moulant côtelé,28.0,Débardeur,Booho
Grande taille - Sweat à capuche oversize déchiré,45.0,Grande,Booho
T-shirt oversize à imprimé Renaissance,20.0,T-shirt,Booho
Sweat sans manches brodé,42.0,Sweat,Booho
Sweat à capuche oversize à imprimé moto,15.0,Sweat,Booho
Veste Harrington ample en similicuir,42.0,Veste,Booho
Ensemble de survêtement de sport oversize avec short - MAN Active,42.0,Ensemble,Booho
T-shirt moulant à manches longues,28.0,T-shirt,Booho
Veste oversize en similicuir,32.0,Veste,Booho
T-shirt oversize imprimé,45.0,T-shirt,Booho
Tall - Chemise texturée à manches courtes,40.0,Survêtement,Booho
Sweat oversize à slogan Colorado,32.0,Sweat,Booho
Tall - Bomber ample matelassé en similicuir,10.0,Survêtement,Booho
Jogging fendu à coutures contrastantes,25.0,Jogging,Booho
Tall - Sweat à capuche oversize zippé à coutures contrastantes,15.0,Survêtement,Booho
Jogging cargo droit fendu,28.0,Jogging,Booho
Chemise à imprimé crâne,32.0,Chemise,Booho
Pantalon cargo zippé à poches multiples,36.0,Pantalon,Booho
Grande taille - T-shirt à imprimé Jujutsu Kaisen,45.0,Grande,Booho
Pantalon cargo droit en similicuir,36.0,Pantalon,Booho
Sweat à capuche de sport ample - MAN Active,20.0,Sweat,Booho
T-shirt oversize,20.0,T-shirt,Booho
Tall - Jean droit à boutons pression,45.0,Survêtement,Booho
T-shirt oversize à imprimé Les Razmoket,45.0,T-shirt,Booho
Jean droit patchwork,40.0,Jean,Booho
Tall - Pantalon cargo en nylon,12.0,Survêtement,Booho
Sweat à capuche oversize à slogan - Official,32.0,Sweat,Booho
Pull ample à imprimé Worldwide,25.0,Pull,Booho
Tall - Veste ample à imprimé moto,32.0,Survêtement,Booho
Sweat à capuche oversize à imprimé moto,25.0,Sweat,Booho
Jogging cargo ample à taille élastiquée,45.0,Jogging,Booho
Grande taille - Jean skinny déchiré zippé,45.0,Grande,Booho
Pull oversize à manches contrastantes,36.0,Pull,Booho
T-shirt oversize épais imprimé,60.0,T-shirt,Booho
Jean slim rigide,40.0,Jean,Booho
Pantalon cargo à imprimé taches,50.0,Pantalon,Booho
Jogging à slogan Brooklyn,20.0,Jogging,Booho
Pantalon cargo chino ample,28.0,Pantalon,Booho
Pantalon texturé à taille élastique,32.0,Pantalon,Booho
Survêtement oversize imprimé,20.0,Survêtement,Booho
Débardeur moulant côtelé,36.0,Débardeur,Booho
Grande taille - Sweat à capuche oversize déchiré,20.0,Grande,Booho
T-shirt oversize à imprimé Renaissance,28.0,T-shirt,Booho
Sweat sans manches brodé,105.0,Sweat,Booho
Sweat à capuche oversize à imprimé moto,72.0,Sweat,Booho
Veste Harrington ample en similicuir,25.0,Veste,Booho
Ensemble de survêtement de sport oversize avec short - MAN Active,60.0,Ensemble,Booho
Pull oversize à manches contrastantes,45.0,Pull,Booho
Jean droit patchwork,36.0,Jean,Booho
Jogging skinny à logo doré - MAN,45.0,Jogging,Booho
Tall - Sweat à capuche oversize universitaire,25.0,Survêtement,Booho
Tall - Jogging cargo fendu à poches multiples,65.0,Survêtement,Booho
T-shirt oversize à manches longues,72.0,T-shirt,Booho
T-shirt oversize à imprimé Wu-Tang Clan,15.0,T-shirt,Booho
Grande taille - Sweat à capuche et coutures contrastantes,50.0,Grande,Booho
Tall - Jogging cargo imprimé à boutons pression,40.0,Survêtement,Booho
Survêtement oversize à slogan Homme,25.0,Survêtement,Booho
Tall - Polo color block zippé à col montant,36.0,Survêtement,Booho
Jogging cargo ample à taille élastiquée,45.0,Jogging,Booho
Coffret de 3 paires de chaussettes - MAN Active,36.0,Coffret,Booho
Chemise moulante en jean à manches courtes,20.0,Chemise,Booho
Chemise moulante en jean à manches courtes,20.0,Chemise,Booho
Coffret cadeau - Lot de 3 boxers - MAN Active,45.0,Coffret,Booho
Coffret cadeau - Lot de 5 boxers - MAN Active,45.0,Coffret,Booho
Coffret cadeau - Lot de 5 boxers - MAN Active,40.0,Coffret,Booho
Coffret cadeau - Lot de 3 boxers - MAN Active,12.0,Coffret,Booho
Jogging basique droit,32.0,Jogging,Booho
Sweat à capuche zippé basique,25.0,Sweat,Booho
Sweat à capuche oversize basique,32.0,Sweat,Booho
Jean ample déchiré,25.0,Jean,Booho
Sweat à capuche basique à logo - MAN,45.0,Sweat,Booho
Sweat à capuche oversize zippé,45.0,Sweat,Booho
T-shirt moulant - MAN,36.0,T-shirt,Booho
Veste cargo à surpiqûres,60.0,Veste,Booho
Jogging fuselé,40.0,Jogging,Booho
Tall - Sweat à capuche surteint à imprimé graffiti,50.0,Survêtement,Booho
Coffret cadeau - Lot de 3 boxers - MAN Active,20.0,Coffret,Booho
T-shirt moulant à col montant,28.0,T-shirt,Booho
Coffret cadeau - Lot de 3 boxers - MAN Active,32.0,Coffret,Booho
Coffret cadeau - Lot de 5 boxers - MAN Active,20.0,Coffret,Booho
Survêtement oversize à imprimé graffiti,36.0,Survêtement,Booho
Coffret cadeau - Lot de 3 boxers - MAN Active,20.0,Coffret,Booho
Jogging cargo à poches multiples,28.0,Jogging,Booho
Surchemise épaisse à carreaux,105.0,Surchemise,Booho
Lot de 2 shorts de bain mi-long,72.0,Lot,Booho
Jogging de sport cargo - MAN Active,25.0,Jogging,Booho
Short cargo ample mi-long basique,60.0,Short,Booho
T-shirt oversize imprimé - Official,45.0,T-shirt,Booho
Surchemise épaisse brossée à imprimé animal,36.0,Surchemise,Booho
Surchemise épaisse à carreaux,45.0,Surchemise,Booho
Collier à pendentif flammes,25.0,Collier,Booho
Jogging cargo à poches multiples,65.0,Jogging,Booho
Chemise longue à carreaux,72.0,Chemise,Booho
Lot de 2 boxers à bande contrastante - MAN Active,15.0,Lot,Booho
Short de bain court  - MAN,50.0,Short,Booho
Jogging cargo slim,40.0,Jogging,Booho
T-shirt à manches longues,25.0,T-shirt,Booho
Surchemise matelassée ,28.0,Surchemise,Booho
Collier à pendentif soleil,50.0,Collier,Booho
Sweat oversize basique,15.0,Sweat,Booho
T-shirt oversize délavé à col montant - MAN,45.0,T-shirt,Booho
Chemise longue à carreaux,18.0,Chemise,Booho
Jogging imprimé,42.0,Jogging,Booho
Sweat de sport à poche - MAN Active,50.0,Sweat,Booho
Débardeur de sport performance - MAN Active,32.0,Débardeur,Booho
Collier à pendentif œil ,15.0,Collier,Booho
Sweat à capuche zippé basique,40.0,Sweat,Booho
Coffret cadeau - Collier à pendentif cœur,40.0,Coffret,Booho
Sweat à capuche de sport zippé - MAN Active,40.0,Sweat,Booho
Surchemise épaisse à carreaux,45.0,Surchemise,Booho
Jogging cargo slim zippé,40.0,Jogging,Booho
Sweat oversize - MAN,45.0,Sweat,Booho
Jean skinny zippé,50.0,Jean,Booho
T-shirt oversize de sport performance - MAN Active,62.0,T-shirt,Booho
Jean skinny zippé,60.0,Jean,Booho
T-shirt de sport moulant - MAN Active,25.0,T-shirt,Booho
Collier perlé superposé à pendentif papillon,32.0,Collier,Booho
Sweat à capuche oversize basique,40.0,Sweat,Booho
Short de sport 2 en 1 performance - MAN Active,32.0,Short,Booho
Sweat à capuche oversize - Ofcl,40.0,Sweat,Booho
Veste Harrington en faux daim,32.0,Veste,Booho
Sweat à capuche oversize zippé épais,40.0,Sweat,Booho
Collier perlé à pendentif rose,25.0,Collier,Booho
T-shirt oversize strassé,45.0,T-shirt,Booho
Surchemise épaisse à carreaux,25.0,Surchemise,Booho
Combinaison thermique côtelée sans manches,40.0,Combinaison,Booho
T-shirt thermique côtelé à manches longues,32.0,T-shirt,Booho
Surchemise épaisse à carreaux,40.0,Surchemise,Booho
Combinaison thermique côtelée sans manches,45.0,Combinaison,Booho
T-shirt thermique côtelé à manches longues,40.0,T-shirt,Booho
Casquette moto,20.0,Casquette,Booho
Tall - Jogging imprimé,28.0,Survêtement,Booho
Jean ample délavé,18.0,Jean,Booho
Survêtement cargo matelassé - MAN Active,45.0,Survêtement,Booho
Tall - Débardeur de sport performance - MAN Active,45.0,Survêtement,Booho
Tall - Legging de sport 2 en 1 performance - MAN Active,36.0,Survêtement,Booho
Veste de sport légère matelassée - MAN Active,32.0,Veste,Booho
Collier à pendentif carte,28.0,Collier,Booho
Tall - Jean skinny à boutons pression,50.0,Survêtement,Booho
Tall - Short cargo de sport performance - MAN Active,15.0,Survêtement,Booho
Casquette à broderie contrastante,45.0,Casquette,Booho
Survêtement oversize - Official,18.0,Survêtement,Booho
T-shirt slim imprimé - Ofcl,42.0,T-shirt,Booho
Casquette à logo métallique ,50.0,Casquette,Booho
Casquette à broderie contrastante - Official,32.0,Casquette,Booho
Casquette à écusson 13,15.0,Casquette,Booho
Casquette à écusson moto,40.0,Casquette,Booho
Pull oversize en maille chenille,40.0,Pull,Booho
Veste de sport matelassée zippée - MAN Active,40.0,Veste,Booho
Sweat oversize côtelé universitaire imprimé,45.0,Sweat,Booho
Tall - Jean skinny à boutons pression,40.0,Survêtement,Booho
Casquette à écusson moto,45.0,Casquette,Booho
Jogging confort à imprimé crâne,50.0,Jogging,Booho
Ensemble de survêtement léger à surpiqûres,62.0,Ensemble,Booho
Survêtement basique zippé avec short,60.0,Survêtement,Booho
Casquette à imprimé barbelé,25.0,Casquette,Booho
Chemise oversize en coton à rayures,32.0,Chemise,Booho
Doudoune oversize matelassée à capuche,40.0,Doudoune,Booho
Casquette à écusson 13,32.0,Casquette,Booho
Tall - Jogging imprimé,40.0,Survêtement,Booho
Jean super skinny déchiré style cargo,32.0,Jean,Booho
Pull oversize zippé en maille torsadée,40.0,Pull,Booho
Jogging slim à surpiqûres - Ofcl,25.0,Jogging,Booho
Chaussettes à logo B,45.0,Chaussettes,Booho
Doudoune oversize matelassée,25.0,Doudoune,Booho
Sweat à capuche à surpiqûres - Official,40.0,Sweat,Booho
Chemise oversize à carreaux,32.0,Chemise,Booho
Chaussettes universitaires,40.0,Chaussettes,Booho
Jean slim rigide,45.0,Jean,Booho
Cardigan ample en maille torsadée,40.0,Cardigan,Booho
Chaussettes à logo brodé - MAN,20.0,Chaussettes,Booho
Jean flare ample à taches de peinture,28.0,Jean,Booho
Top de rugby oversize épais,18.0,Top,Booho
T-shirt à imprimé Stranger Things,45.0,T-shirt,Booho
Jean cargo baggy à bretelles,45.0,Jean,Booho
Sweat à capuche oversize ample côtelé à broderie ,36.0,Sweat,Booho
Sweat à capuche oversize à imprimé statue,32.0,Sweat,Booho
T-shirt oversize à broderies,15.0,T-shirt,Booho
Grande taille - Chemise droite à carreaux,98.0,Grande,Booho
Jean cargo baggy à bretelles,18.0,Jean,Booho
Grande taille - Chemise droite à carreaux,12.0,Grande,Booho
Jogging slim à surpiqûres,28.0,Jogging,Booho
Pull oversize côtelé color block à col V,15.0,Pull,Booho
Sweat oversize épais à ourlet brut,98.0,Sweat,Booho
Sweat bomber oversize,32.0,Sweat,Booho
Jogging fendu à coutures contrastantes,45.0,Jogging,Booho
Pull oversize imprimé,45.0,Pull,Booho
Short satiné à imprimé baroque,32.0,Short,Booho
Jogging oversize imprimé,45.0,Jogging,Booho
Débardeur de sport performance - MAN Active,24.0,Débardeur,Booho
T-shirt oversize épais à manches 3/4,42.0,T-shirt,Booho
Sweat oversize universitaire à col V,36.0,Sweat,Booho
Sweat à capuche moulant zippé à écusson,15.0,Sweat,Booho
Ceinture fine métallisée en similicuir,50.0,Ceinture,Booho
Collier à pendentif soleil,24.0,Collier,Booho
Tall - Jogging confort à imprimé crâne,45.0,Survêtement,Booho
Lot de 2 paires de chaussettes à rayures,25.0,Lot,Booho
Chaussettes à logo B,15.0,Chaussettes,Booho
T-shirt oversize épais,36.0,T-shirt,Booho
T-shirt cintré à imprimé chérubin strassé,105.0,T-shirt,Booho
Tall - Jean stretch skinny,50.0,Survêtement,Booho
Survêtement moulant à col montant,25.0,Survêtement,Booho
Jogging à empiècement contrastant - MAN,42.0,Jogging,Booho
T-shirt moulant à taches de peinture - MAN,40.0,T-shirt,Booho
Survêtement oversize à imprimé dragon,24.0,Survêtement,Booho
T-shirt oversize à slogan,36.0,T-shirt,Booho
Short de sport performance - MAN Active,50.0,Short,Booho
T-shirt oversize à imprimé Minions,12.0,T-shirt,Booho
T-shirt oversize à imprimé Renaissance,25.0,T-shirt,Booho
Ensemble à carreaux avec jogging,45.0,Ensemble,Booho
Grande taille - Chemise oversize à carreaux,50.0,Grande,Booho
Grande taille - Short cargo en jersey à cordon de serrage,15.0,Grande,Booho
Lot de 3 paires de chaussettes à rayures,45.0,Lot,Booho
Jean skinny à imprimé bandana,18.0,Jean,Booho
Lunettes de soleil rectangulaires,24.0,Lunettes,Booho
Ensemble avec collier et bracelet en chaîne et perle,50.0,Ensemble,Booho
Jean skinny déchiré zippé,78.0,Jean,Booho
Jogging cargo ample zippé,36.0,Jogging,Booho
Jean baggy à coutures contrastantes,15.0,Jean,Booho
T-shirt oversize à imprimé Dragon Ball Z,98.0,T-shirt,Booho
Pull oversize à rayures et imprimé contrastant,18.0,Pull,Booho
Grande taille - Jean skinny à boutons pression,12.0,Grande,Booho
Pull oversize color block,28.0,Pull,Booho
Baskets à empiècement contrastant,15.0,Baskets,Booho
Tall - Survêtement de sport avec t-shirt et jogging,98.0,Survêtement,Booho
Sandales en tissu éponge,32.0,Sandales,Booho
Sweat à capuche à surpiqûres - Official,45.0,Sweat,Booho
Jean droit imprimé,45.0,Jean,Booho
Lot de 3 paires de chaussettes à rayures,32.0,Lot,Booho
Lunettes de soleil cycliste ,45.0,Lunettes,Booho
T-shirt oversize imprimé,24.0,T-shirt,Booho
Ceinture cloutée en similicuir,42.0,Ceinture,Booho
T-shirt oversize imprimé,36.0,T-shirt,Booho
Sweat à capuche oversize à surpiqûres ,15.0,Sweat,Booho
Jogging slim fuselé à empiècement contrastant,50.0,Jogging,Booho
Sweat à capuche oversize à surpiqûres ,24.0,Sweat,Booho
Sweat à capuche oversize imprimé,45.0,Sweat,Booho
Collier à pendentif céleste ,25.0,Collier,Booho
Chaussettes à logo B,15.0,Chaussettes,Booho
Sweat de sport - MAN Active,36.0,Sweat,Booho
Jogging à logo doré - MAN,105.0,Jogging,Booho
Chaussettes à rayures et logo - MAN,50.0,Chaussettes,Booho
Sweat moulant à col zippé,25.0,Sweat,Booho
Lunettes de soleil aviateur,42.0,Lunettes,Booho
Collier à pendentif rose,40.0,Collier,Booho
T-shirt oversize imprimé à col montant ,24.0,T-shirt,Booho
Sweat à capuche oversize basique,36.0,Sweat,Booho
T-shirt oversize à imprimé Minions,50.0,T-shirt,Booho
T-shirt oversize à imprimé Renaissance,12.0,T-shirt,Booho
Ensemble à carreaux avec jogging,25.0,Ensemble,Booho
Grande taille - Chemise oversize à carreaux,45.0,Grande,Booho
Grande taille - Short cargo en jersey à cordon de serrage,50.0,Grande,Booho
Lot de 3 paires de chaussettes à rayures,15.0,Lot,Booho
Jean skinny à imprimé bandana,45.0,Jean,Booho
Lunettes de soleil rectangulaires,18.0,Lunettes,Booho
Ensemble avec collier et bracelet en chaîne et perle,24.0,Ensemble,Booho
Jean skinny déchiré zippé,50.0,Jean,Booho
Jogging cargo ample zippé,78.0,Jogging,Booho
Jean baggy à coutures contrastantes,36.0,Jean,Booho
T-shirt oversize à imprimé Dragon Ball Z,40.0,T-shirt,Booho
Pull oversize à rayures et imprimé contrastant,45.0,Pull,Booho
Grande taille - Jean skinny à boutons pression,28.0,Grande,Booho
Pull oversize color block,45.0,Pull,Booho
Baskets à empiècement contrastant,12.0,Baskets,Booho
Tall - Survêtement de sport avec t-shirt et jogging,32.0,Survêtement,Booho
Sandales en tissu éponge,18.0,Sandales,Booho
Sweat à capuche à surpiqûres - Official,25.0,Sweat,Booho
Jean droit imprimé,40.0,Jean,Booho
Lot de 3 paires de chaussettes à rayures,36.0,Lot,Booho
Lunettes de soleil cycliste ,50.0,Lunettes,Booho
T-shirt oversize imprimé,28.0,T-shirt,Booho
Ceinture cloutée en similicuir,45.0,Ceinture,Booho
T-shirt oversize imprimé,10.0,T-shirt,Booho
Sweat à capuche oversize à surpiqûres ,25.0,Sweat,Booho
Jogging slim fuselé à empiècement contrastant,25.0,Jogging,Booho
Sweat à capuche oversize à surpiqûres ,20.0,Sweat,Booho
Sweat à capuche oversize imprimé,34.0,Sweat,Booho
Collier à pendentif céleste ,34.0,Collier,Booho
Chaussettes à logo B,20.0,Chaussettes,Booho
Sweat de sport - MAN Active,25.0,Sweat,Booho
Jogging à logo doré - MAN,28.0,Jogging,Booho
Chaussettes à rayures et logo - MAN,28.0,Chaussettes,Booho
Sweat moulant à col zippé,32.0,Sweat,Booho
Lunettes de soleil aviateur,25.0,Lunettes,Booho
Collier à pendentif rose,32.0,Collier,Booho
T-shirt oversize imprimé à col montant ,15.0,T-shirt,Booho
Sweat à capuche oversize basique,40.0,Sweat,Booho
Coffret cadeau - Boxer à logo - MAN Active,32.0,Coffret,Booho
Jogging universitaire,42.0,Jogging,Booho
Jogging droit fendu,20.0,Jogging,Booho
Chaussettes à imprimé étoile,12.0,Chaussettes,Booho
T-shirt oversize surteint à slogan Homme,20.0,T-shirt,Booho
Collier à pendentif carte,34.0,Collier,Booho
Pantalon flare ample déchiré,60.0,Pantalon,Booho
T-shirt de sport moulant - MAN Active,20.0,T-shirt,Booho
Sweat à capuche de sport zippé - MAN Active,40.0,Sweat,Booho
Lot de 2 paires de chaussettes à rayures - MAN,42.0,Lot,Booho
Collier perlé superposé,36.0,Collier,Booho
Jean droit déchiré à imprimé crâne,42.0,Jean,Booho
Sweat à capuche oversize épais,24.0,Sweat,Booho
Jogging slim color block,40.0,Jogging,Booho
T-shirt oversize fleuri,45.0,T-shirt,Booho
Lot de 2 paires de chaussettes à rayures,28.0,Lot,Booho
Sweat à capuche à logo doré - MAN,45.0,Sweat,Booho
Chaussettes de sport à lettrage B,12.0,Chaussettes,Booho
Chaussettes de sport à lettrage B,32.0,Chaussettes,Booho
Ceinture à découpe,18.0,Ceinture,Booho
T-shirt oversize à coutures contrastantes et slogan,25.0,T-shirt,Booho
Sweat à capuche cargo à empiècements,40.0,Sweat,Booho
Sweat à capuche oversize imprimé,36.0,Sweat,Booho
T-shirt de sport à manches longues - MAN Active,50.0,T-shirt,Booho
Grande taille - Jogging flare à empiècement contrastant,28.0,Grande,Booho
Jean droit imprimé,45.0,Jean,Booho
Grande taille - T-shirt surteint à imprimé Nirvana,10.0,Grande,Booho
Tall - Ensemble de survêtement de sport zippé - MAN Active,25.0,Survêtement,Booho
Chaussettes à rayures et logo - MAN,25.0,Chaussettes,Booho
T-shirt surteint à slogan Nevada,20.0,T-shirt,Booho
Polo oversize universitaire imprimé,34.0,Polo,Booho
Survêtement oversize en velours à imprimé squelette,34.0,Survêtement,Booho
Survêtement léger à bandes latérales - MAN,20.0,Survêtement,Booho
Jogging flare,25.0,Jogging,Booho
Sweat moulant à col zippé,28.0,Sweat,Booho
Jogging skinny ,28.0,Jogging,Booho
Coffret cadeau - Boxer à logo - MAN Active,32.0,Coffret,Booho
Survêtement oversize,25.0,Survêtement,Booho
Sweat oversize à col montant,32.0,Sweat,Booho
T-shirt oversize imprimé ,15.0,T-shirt,Booho
Ceinture en similicuir,40.0,Ceinture,Booho
Veste de sport matelassée en polaire sans manches - MAN Active,32.0,Veste,Booho
Lot de 2 paires de chaussettes de sport à lettrage B,42.0,Lot,Booho
T-shirt oversize imprimé,20.0,T-shirt,Booho
Tall - Jogging confort à slogan,12.0,Survêtement,Booho
Sweat à capuche oversize à coutures apparentes,20.0,Sweat,Booho
Débardeur de sport performance - MAN Active,34.0,Débardeur,Booho
Ensemble de survêtement léger avec sweat - Ofcl,60.0,Ensemble,Booho
Grande taille - Polo zippé à manches longues,20.0,Grande,Booho
Idée cadeau - 100 phrases d’accroche,40.0,Idée,Booho
T-shirt oversize à imprimé Dragon Ball Z,42.0,T-shirt,Booho
Survêtement oversize à imprimé Renaissance,36.0,Survêtement,Booho
Surchemise à manches longues,42.0,Surchemise,Booho
Jogging cargo skinny,24.0,Jogging,Booho
Collier à pendentif papillon,18.0,Collier,Booho
T-shirt oversize à imprimé graffiti,42.0,T-shirt,Booho
Ensemble de survêtement léger avec sweat - Ofcl,42.0,Ensemble,Booho
Sweat à capuche oversize à taches de peinture,12.0,Sweat,Booho
T-shirt oversize à imprimé ourson,40.0,T-shirt,Booho
Pantalon cargo de sport technique - MAN Active,15.0,Pantalon,Booho
Survêtement léger à col zippé - MAN,15.0,Survêtement,Booho
Sweat à capuche cintré color block,18.0,Sweat,Booho
Jean cargo baggy à bretelles,36.0,Jean,Booho
Sweat à capuche cintré zippé - MAN,12.0,Sweat,Booho
Ensemble avec collier et bracelet en chaîne et perle,45.0,Ensemble,Booho
Collier perlé à pendentif rose,12.0,Collier,Booho
Survêtement de sport avec sweat à capuche - MAN Active,25.0,Survêtement,Booho
Grande taille - Pantalon cargo slim zippé,15.0,Grande,Booho
Ceinture à motif,15.0,Ceinture,Booho
Sweat à capuche oversize à imprimé Yu-Gi-Oh,32.0,Sweat,Booho
Ensemble de survêtement oversize léger à écusson B,32.0,Ensemble,Booho
T-shirt oversize à imprimé Friends ,18.0,T-shirt,Booho
Collier à pendentif trèfle ,12.0,Collier,Booho
Jean rigide fuselé,28.0,Jean,Booho
Survêtement léger zippé - Official,15.0,Survêtement,Booho
Chemise oversize imprimée à manches courtes,32.0,Chemise,Booho
Sweat oversize - Limited Edition,42.0,Sweat,Booho
Ensemble de survêtement léger à slogan USA,40.0,Ensemble,Booho
Sweat à col montant et surpiqûres,25.0,Sweat,Booho
Sweat à capuche imprimé à col zippé,36.0,Sweat,Booho
